{
  "warmup_steps": 20,
  "recorded_steps": 5552,
  "memory_mb": {
    "forward_pass": {
      "mean": 4327.196716484487,
      "max": 4675.39404296875,
      "min": 3562.38525390625
    },
    "backward_pass": {
      "mean": 3590.905557330129,
      "max": 3591.01123046875,
      "min": 3004.31396484375
    },
    "peak_per_step": {
      "mean": 7456.038975432558,
      "max": 7804.41259765625,
      "min": 6104.65234375
    }
  },
  "timing_seconds": {
    "mean_step_time": 0.05087833742071641,
    "total_time": 282.4765293598175,
    "steps_per_second": 19.654730297708678
  }
}