{
  "technique": "bf16_window16_bs128",
  "dataset": "forum_forum_poradnikogrodniczy_pl_corpus",
  "train_loss": 2.7775616191133605,
  "val_loss": 2.704400120845869,
  "train_perplexity": 16.07976451595394,
  "val_perplexity": 14.945348597833995,
  "training_time_seconds": 142.58420944213867,
  "num_parameters": 28941393,
  "batch_size": 128,
  "model_config": {
    "embedding_dim": 256,
    "num_heads": 8,
    "num_layers": 4,
    "ff_dim": 1024,
    "max_seq_length": 256
  },
  "optimizations": {
    "bf16": true,
    "flash_attn": true,
    "gradient_checkpointing": false,
    "window_size": 16
  },
  "memory_profiling": {
    "warmup_steps": 20,
    "recorded_steps": 2766,
    "memory_mb": {
      "forward_pass": {
        "mean": 7282.764630254937,
        "max": 8106.892578125,
        "min": 6598.2451171875
      },
      "backward_pass": {
        "mean": 3590.16981489798,
        "max": 3590.27587890625,
        "min": 3296.90283203125
      },
      "peak_per_step": {
        "mean": 8966.370789942324,
        "max": 10149.23583984375,
        "min": 8188.0810546875
      }
    },
    "timing_seconds": {
      "mean_step_time": 0.025955842701490598,
      "total_time": 71.793860912323,
      "steps_per_second": 38.5269710369516
    }
  }
}