{
  "technique": "bf16_window16_bs64",
  "dataset": "forum_forum_poradnikogrodniczy_pl_corpus",
  "train_loss": 2.70284833786324,
  "val_loss": 2.693876809763639,
  "train_perplexity": 14.92217464533328,
  "val_perplexity": 14.788898674682049,
  "training_time_seconds": 153.65480732917786,
  "num_parameters": 28941393,
  "batch_size": 64,
  "model_config": {
    "embedding_dim": 256,
    "num_heads": 8,
    "num_layers": 4,
    "ff_dim": 1024,
    "max_seq_length": 256
  },
  "optimizations": {
    "bf16": true,
    "flash_attn": true,
    "gradient_checkpointing": false,
    "window_size": 16
  },
  "memory_profiling": {
    "warmup_steps": 20,
    "recorded_steps": 5552,
    "memory_mb": {
      "forward_pass": {
        "mean": 3832.022107830652,
        "max": 4399.3876953125,
        "min": 3148.74658203125
      },
      "backward_pass": {
        "mean": 2025.561905127094,
        "max": 2025.61474609375,
        "min": 1732.24169921875
      },
      "peak_per_step": {
        "mean": 4693.6729174347365,
        "max": 5524.181640625,
        "min": 3856.68896484375
      }
    },
    "timing_seconds": {
      "mean_step_time": 0.014915136636505897,
      "total_time": 82.80883860588074,
      "steps_per_second": 67.04598317607271
    }
  }
}