{
  "technique": "bf16_window32_bs64",
  "dataset": "forum_forum_poradnikogrodniczy_pl_corpus",
  "train_loss": 2.715677612697701,
  "val_loss": 2.694181677720457,
  "train_perplexity": 15.114848615965913,
  "val_perplexity": 14.793408023347615,
  "training_time_seconds": 153.21343636512756,
  "num_parameters": 28941393,
  "batch_size": 64,
  "model_config": {
    "embedding_dim": 256,
    "num_heads": 8,
    "num_layers": 4,
    "ff_dim": 1024,
    "max_seq_length": 256
  },
  "optimizations": {
    "bf16": true,
    "flash_attn": true,
    "gradient_checkpointing": false,
    "window_size": 32
  },
  "memory_profiling": {
    "warmup_steps": 20,
    "recorded_steps": 5552,
    "memory_mb": {
      "forward_pass": {
        "mean": 3832.012861532162,
        "max": 4367.46630859375,
        "min": 3109.63427734375
      },
      "backward_pass": {
        "mean": 2025.561905127094,
        "max": 2025.61474609375,
        "min": 1732.24169921875
      },
      "peak_per_step": {
        "mean": 4693.268153561638,
        "max": 5470.97998046875,
        "min": 3855.53662109375
      }
    },
    "timing_seconds": {
      "mean_step_time": 0.014822501270503063,
      "total_time": 82.29452705383301,
      "steps_per_second": 67.46499674720964
    }
  }
}