{
  "warmup_steps": 20,
  "recorded_steps": 11124,
  "memory_mb": {
    "forward_pass": {
      "mean": 2106.597067757846,
      "max": 2548.62451171875,
      "min": 1503.005859375
    },
    "backward_pass": {
      "mean": 1243.258294899401,
      "max": 1243.28466796875,
      "min": 949.91064453125
    },
    "peak_per_step": {
      "mean": 2551.184225609816,
      "max": 3216.56103515625,
      "min": 1897.8154296875
    }
  },
  "timing_seconds": {
    "mean_step_time": 0.02403994752794065,
    "total_time": 267.42037630081177,
    "steps_per_second": 41.59742856500585
  }
}