{
  "technique": "baseline_bs32",
  "dataset": "forum_forum_poradnikogrodniczy_pl_corpus",
  "train_loss": 2.6959486989387527,
  "val_loss": 2.698254950689543,
  "train_perplexity": 14.819571398027245,
  "val_perplexity": 14.853788501971696,
  "training_time_seconds": 743.8058710098267,
  "num_parameters": 28941393,
  "batch_size": 32,
  "model_config": {
    "embedding_dim": 256,
    "num_heads": 8,
    "num_layers": 4,
    "ff_dim": 1024,
    "max_seq_length": 256
  },
  "optimizations": {
    "bf16": false,
    "flash_attn": false,
    "gradient_checkpointing": false,
    "window_size": null
  },
  "memory_profiling": {
    "warmup_steps": 20,
    "recorded_steps": 11124,
    "memory_mb": {
      "forward_pass": {
        "mean": 3440.0831033267036,
        "max": 3712.65966796875,
        "min": 2281.1953125
      },
      "backward_pass": {
        "mean": 2025.4301684947804,
        "max": 2025.48291015625,
        "min": 1438.78466796875
      },
      "peak_per_step": {
        "mean": 5004.508199955824,
        "max": 5277.19091796875,
        "min": 3613.35107421875
      }
    },
    "timing_seconds": {
      "mean_step_time": 0.06195099306209445,
      "total_time": 689.1428468227386,
      "steps_per_second": 16.141791286504226
    }
  }
}