{
  "warmup_steps": 20,
  "recorded_steps": 5552,
  "memory_mb": {
    "forward_pass": {
      "mean": 4724.260772617131,
      "max": 5204.67724609375,
      "min": 3928.64404296875
    },
    "backward_pass": {
      "mean": 2025.561905127094,
      "max": 2025.61474609375,
      "min": 1732.24169921875
    },
    "peak_per_step": {
      "mean": 5585.946290645545,
      "max": 6271.38134765625,
      "min": 4579.64697265625
    }
  },
  "timing_seconds": {
    "mean_step_time": 0.059226276165126726,
    "total_time": 328.82428526878357,
    "steps_per_second": 16.884397682068254
  }
}