{
  "warmup_steps": 20,
  "recorded_steps": 2766,
  "memory_mb": {
    "forward_pass": {
      "mean": 12700.981819025952,
      "max": 13336.1240234375,
      "min": 11442.35302734375
    },
    "backward_pass": {
      "mean": 6719.270649918937,
      "max": 6719.48291015625,
      "min": 6132.37109375
    },
    "peak_per_step": {
      "mean": 18959.073187816342,
      "max": 19594.5556640625,
      "min": 17113.54736328125
    }
  },
  "timing_seconds": {
    "mean_step_time": 0.05508912540568189,
    "total_time": 152.3765208721161,
    "steps_per_second": 18.152402904128518
  }
}