{
  "technique": "bf16_flash_bs32",
  "dataset": "forum_forum_poradnikogrodniczy_pl_corpus",
  "train_loss": 2.6961006797282114,
  "val_loss": 2.6968896888520653,
  "train_perplexity": 14.821823859348846,
  "val_perplexity": 14.83352302837465,
  "training_time_seconds": 281.5216040611267,
  "num_parameters": 28941393,
  "batch_size": 32,
  "model_config": {
    "embedding_dim": 256,
    "num_heads": 8,
    "num_layers": 4,
    "ff_dim": 1024,
    "max_seq_length": 256
  },
  "optimizations": {
    "bf16": true,
    "flash_attn": true,
    "gradient_checkpointing": false,
    "window_size": null
  },
  "memory_profiling": {
    "warmup_steps": 20,
    "recorded_steps": 11124,
    "memory_mb": {
      "forward_pass": {
        "mean": 2106.597067757846,
        "max": 2548.62451171875,
        "min": 1503.005859375
      },
      "backward_pass": {
        "mean": 1243.258294899401,
        "max": 1243.28466796875,
        "min": 949.91064453125
      },
      "peak_per_step": {
        "mean": 2551.184225609816,
        "max": 3216.56103515625,
        "min": 1897.8154296875
      }
    },
    "timing_seconds": {
      "mean_step_time": 0.02403994752794065,
      "total_time": 267.42037630081177,
      "steps_per_second": 41.59742856500585
    }
  }
}