{
  "warmup_steps": 20,
  "recorded_steps": 2766,
  "memory_mb": {
    "forward_pass": {
      "mean": 7282.764630254937,
      "max": 8106.892578125,
      "min": 6598.2451171875
    },
    "backward_pass": {
      "mean": 3590.16981489798,
      "max": 3590.27587890625,
      "min": 3296.90283203125
    },
    "peak_per_step": {
      "mean": 8966.370789942324,
      "max": 10149.23583984375,
      "min": 8188.0810546875
    }
  },
  "timing_seconds": {
    "mean_step_time": 0.025955842701490598,
    "total_time": 71.793860912323,
    "steps_per_second": 38.5269710369516
  }
}