{
  "warmup_steps": 20,
  "recorded_steps": 11124,
  "memory_mb": {
    "forward_pass": {
      "mean": 2106.706870201465,
      "max": 2583.83837890625,
      "min": 1448.34033203125
    },
    "backward_pass": {
      "mean": 1243.258294899401,
      "max": 1243.28466796875,
      "min": 949.91064453125
    },
    "peak_per_step": {
      "mean": 2551.43971688642,
      "max": 3275.8388671875,
      "min": 1898.36474609375
    }
  },
  "timing_seconds": {
    "mean_step_time": 0.010111480147578827,
    "total_time": 112.48010516166687,
    "steps_per_second": 98.89748932943787
  }
}