{
  "technique": "bf16_window16_bs32",
  "dataset": "forum_forum_poradnikogrodniczy_pl_corpus",
  "train_loss": 2.6727325062611715,
  "val_loss": 2.6959718105949135,
  "train_perplexity": 14.479480456836987,
  "val_perplexity": 14.819913906823805,
  "training_time_seconds": 177.99041843414307,
  "num_parameters": 28941393,
  "batch_size": 32,
  "model_config": {
    "embedding_dim": 256,
    "num_heads": 8,
    "num_layers": 4,
    "ff_dim": 1024,
    "max_seq_length": 256
  },
  "optimizations": {
    "bf16": true,
    "flash_attn": true,
    "gradient_checkpointing": false,
    "window_size": 16
  },
  "memory_profiling": {
    "warmup_steps": 20,
    "recorded_steps": 11124,
    "memory_mb": {
      "forward_pass": {
        "mean": 2106.6193866091894,
        "max": 2518.4287109375,
        "min": 1449.80322265625
      },
      "backward_pass": {
        "mean": 1243.258294899401,
        "max": 1243.28466796875,
        "min": 949.91064453125
      },
      "peak_per_step": {
        "mean": 2550.91754249153,
        "max": 3166.42919921875,
        "min": 1897.81494140625
      }
    },
    "timing_seconds": {
      "mean_step_time": 0.009966740094685202,
      "total_time": 110.8700168132782,
      "steps_per_second": 100.33370896600918
    }
  }
}