{
  "warmup_steps": 20,
  "recorded_steps": 5552,
  "memory_mb": {
    "forward_pass": {
      "mean": 3832.022107830652,
      "max": 4399.3876953125,
      "min": 3148.74658203125
    },
    "backward_pass": {
      "mean": 2025.561905127094,
      "max": 2025.61474609375,
      "min": 1732.24169921875
    },
    "peak_per_step": {
      "mean": 4693.6729174347365,
      "max": 5524.181640625,
      "min": 3856.68896484375
    }
  },
  "timing_seconds": {
    "mean_step_time": 0.014915136636505897,
    "total_time": 82.80883860588074,
    "steps_per_second": 67.04598317607271
  }
}