{
  "warmup_steps": 20,
  "recorded_steps": 2766,
  "memory_mb": {
    "forward_pass": {
      "mean": 9059.237132924067,
      "max": 9768.5712890625,
      "min": 8008.9736328125
    },
    "backward_pass": {
      "mean": 3590.16981489798,
      "max": 3590.27587890625,
      "min": 3296.90283203125
    },
    "peak_per_step": {
      "mean": 10743.579862582192,
      "max": 11734.8037109375,
      "min": 9647.61767578125
    }
  },
  "timing_seconds": {
    "mean_step_time": 0.04714788066590944,
    "total_time": 130.41103792190552,
    "steps_per_second": 21.209861098232906
  }
}