{
  "warmup_steps": 20,
  "recorded_steps": 2766,
  "memory_mb": {
    "forward_pass": {
      "mean": 7283.155763837107,
      "max": 8059.72900390625,
      "min": 6631.029296875
    },
    "backward_pass": {
      "mean": 3590.16981489798,
      "max": 3590.27587890625,
      "min": 3296.90283203125
    },
    "peak_per_step": {
      "mean": 8964.059385838926,
      "max": 10070.630859375,
      "min": 8137.94189453125
    }
  },
  "timing_seconds": {
    "mean_step_time": 0.03385344908363304,
    "total_time": 93.63864016532898,
    "steps_per_second": 29.53908765779098
  }
}