{
  "warmup_steps": 20,
  "recorded_steps": 11124,
  "memory_mb": {
    "forward_pass": {
      "mean": 2556.525458924679,
      "max": 3013.21337890625,
      "min": 1812.69677734375
    },
    "backward_pass": {
      "mean": 1243.258294899401,
      "max": 1243.28466796875,
      "min": 949.91064453125
    },
    "peak_per_step": {
      "mean": 3001.9200836258456,
      "max": 3691.2138671875,
      "min": 2179.38623046875
    }
  },
  "timing_seconds": {
    "mean_step_time": 0.06563703720623622,
    "total_time": 730.1464018821716,
    "steps_per_second": 15.235300716848771
  }
}