{
  "technique": "bf16_window32_bs128",
  "dataset": "forum_forum_poradnikogrodniczy_pl_corpus",
  "train_loss": 2.7907870226725056,
  "val_loss": 2.705944682495555,
  "train_perplexity": 16.29383837709699,
  "val_perplexity": 14.968450446641464,
  "training_time_seconds": 142.75843811035156,
  "num_parameters": 28941393,
  "batch_size": 128,
  "model_config": {
    "embedding_dim": 256,
    "num_heads": 8,
    "num_layers": 4,
    "ff_dim": 1024,
    "max_seq_length": 256
  },
  "optimizations": {
    "bf16": true,
    "flash_attn": true,
    "gradient_checkpointing": false,
    "window_size": 32
  },
  "memory_profiling": {
    "warmup_steps": 20,
    "recorded_steps": 2766,
    "memory_mb": {
      "forward_pass": {
        "mean": 7282.257678337401,
        "max": 7952.4619140625,
        "min": 6638.5068359375
      },
      "backward_pass": {
        "mean": 3590.16981489798,
        "max": 3590.27587890625,
        "min": 3296.90283203125
      },
      "peak_per_step": {
        "mean": 8963.944816098383,
        "max": 9892.46240234375,
        "min": 8310.78076171875
      }
    },
    "timing_seconds": {
      "mean_step_time": 0.026045206053396625,
      "total_time": 72.04103994369507,
      "steps_per_second": 38.394781671139334
    }
  }
}